{
  "Comment": "Coffee Bean Adventure (Express Sync)",
  "StartAt": "RouteOnStep",
  "States": {
    "RouteOnStep": {
      "Type": "Choice",
      "Choices": [
        {
          "Variable": "$.session.step",
          "StringEquals": "START",
          "Next": "SelectBeans"
        },
        {
          "Variable": "$.session.step",
          "StringEquals": "ROAST_PROMPT",
          "Next": "RoastPrompt"
        },
        {
          "Variable": "$.session.step",
          "StringEquals": "BREW_COFFEE",
          "Next": "BrewCoffee"
        }
      ],
      "Default": "BadStep"
    },
    "SelectBeans": {
      "Type": "Task",
      "Resource": "arn:aws:lambda:REGION:ACCOUNT_ID:function:selectBeans",
      "ResultPath": "$",
      "Next": "EndOrNext"
    },
    "RoastPrompt": {
      "Type": "Task",
      "Resource": "arn:aws:lambda:REGION:ACCOUNT_ID:function:roastPrompt",
      "ResultPath": "$",
      "Next": "EndOrNext"
    },
    "BrewCoffee": {
      "Type": "Task",
      "Resource": "arn:aws:lambda:REGION:ACCOUNT_ID:function:brewCoffee",
      "ResultPath": "$",
      "Next": "EndOrNext"
    },
    "EndOrNext": {
      "Type": "Choice",
      "Choices": [
        {
          "Variable": "$.session.done",
          "BooleanEquals": true,
          "Next": "Success"
        }
      ],
      "Default": "Success"
    },
    "BadStep": {
      "Type": "Fail",
      "Error": "InvalidStep",
      "Cause": "session.step must be START | ROAST_PROMPT | BREW_COFFEE"
    },
    "Success": {
      "Type": "Succeed"
    }
  }
}